{"cameraMode":{"drawMode":0,"name":"Shaded","section":"Shading Mode"},"sceneLighting":false,"audioPlay":false,"sceneViewState":{"showFog":true,"showMaterialUpdate":false,"showSkybox":false,"showFlares":true,"showImageEffects":true,"showParticleSystems":true},"in2DMode":false,"pivot":{"x":0.019999980926513673,"y":0.6200000047683716,"z":0.019999980926513673},"rotation":{"x":-0.024305323138833047,"y":0.014719879254698754,"z":-0.0003895756381098181,"w":-0.9996350407600403},"size":1.2177029848098755,"orthographic":false}